<?xml version="1.0" encoding="UTF-8"?>
<!DOCTYPE hibernate-configuration PUBLIC
        "-//Hibernate/Hibernate Configuration DTD 3.0//EN"
        "https://www.hibernate.org/dtd/hibernate-configuration-3.0.dtd">
<hibernate-configuration>
    <session-factory>
        <!-- JDBC Database connection settings -->
        <property name="connection.driver_class">com.mysql.cj.jdbc.Driver</property>
        <property name="connection.url">jdbc:mysql://localhost:3306/HIBERNATE_BASICS</property>
        <property name="connection.username">root</property>
        <property name="connection.password">Sanmagree@02</property>
  
        
        <!-- Select our SQL dialect -->
        <property name="dialect">org.hibernate.dialect.MySQL5Dialect</property>
        <!-- Echo the SQL to stdout -->
       <property name="show_sql">true</property>
       
        <!-- Drop and re-create the database schema on startup -->
         <!-- <property name="hbm2ddl.auto">create</property>  -->
        <property name="hbm2ddl.auto">create</property> 
           
    </session-factory>
</hibernate-configuration>

<hibernate-configuration>
    <session-factory>
        <!-- JDBC Database connection settings -->
        <property name="connection.driver_class">com.mysql.cj.jdbc.Driver</property>
        <property name="connection.url">jdbc:mysql://localhost:3306/HIBERNATE_BASICS</property>
        <property name="connection.username">root</property>
        <property name="connection.password">Sanmagree@02</property>
  
        
        <!-- Select our SQL dialect -->
        <property name="dialect">org.hibernate.dialect.MySQL5Dialect</property>
        <!-- Echo the SQL to stdout -->
       <property name="show_sql">true</property>
       
        <!-- Drop and re-create the database schema on startup -->
        <!--  <property name="hbm2ddl.auto">create</property> -->
       <property name="hbm2ddl.auto">update</property> 
           
    </session-factory>
</hibernate-configuration>
